,Wind,Clouds,Humidity,Country,Data,Temperture,Latitude,Longitude,City
0,4.14,0,58,RU,1603130784,50.94,42.43,130.64,boa vista
1,16.11,20,51,ES,1603130784,84.2,28.66,-17.92,boa vista
2,5.82,15,94,CK,1603130726,75.2,-21.21,-159.78,boa vista
3,5.68,79,85,IN,1603130784,75.87,19.62,75.8,boa vista
4,14.88,0,79,PF,1603130784,73.83,-23.12,-134.97,boa vista
5,4.14,97,86,KE,1603130785,61.09,0.27,36.54,boa vista
6,10.29,20,88,TO,1603130344,68.0,-21.2,-175.2,boa vista
7,4.7,90,67,US,1603130457,61.0,41.37,-73.41,boa vista
8,6.93,20,70,MX,1603130734,86.0,15.85,-97.07,boa vista
9,34.45,75,86,AR,1603130276,39.2,-54.8,-68.3,boa vista
10,24.16,40,65,BR,1603130313,77.0,-22.97,-42.03,boa vista
11,5.61,43,50,SY,1603130569,67.93,35.3,37.18,boa vista
12,5.82,75,70,CL,1603130561,50.0,-45.58,-72.07,boa vista
13,11.41,40,69,MU,1603130345,75.2,-20.34,57.76,boa vista
14,2.01,1,36,US,1603130345,60.8,40.42,-120.65,boa vista
15,9.71,0,69,AU,1603130566,55.99,-33.65,115.33,boa vista
16,9.78,0,12,ML,1603130606,90.68,20.2,1.01,boa vista
17,8.57,39,82,GW,1603130582,83.82,11.28,-15.83,boa vista
18,14.99,20,86,GL,1603130570,33.8,65.61,-37.64,boa vista
19,8.01,42,64,HK,1603130346,73.0,22.29,114.16,boa vista
20,6.93,75,77,NO,1603130346,37.4,70.86,29.09,boa vista
21,17.22,90,77,AU,1603130347,68.0,-24.87,113.63,boa vista
22,5.73,97,98,CA,1603130608,21.85,69.45,-133.04,boa vista
23,8.05,20,55,ZA,1603130445,61.0,-33.93,18.42,boa vista
24,4.63,100,91,CA,1603130787,57.99,45.62,-62.0,boa vista
25,3.0,90,94,CA,1603130787,26.01,62.46,-114.35,boa vista
26,3.36,29,63,IT,1603130787,44.01,46.62,10.7,boa vista
27,7.78,100,62,BR,1603130788,78.8,-17.71,-39.25,boa vista
28,6.93,75,88,US,1603130788,77.0,22.08,-159.32,boa vista
29,4.7,90,100,US,1603130695,51.01,42.1,-79.24,boa vista
30,7.27,85,70,US,1603130788,61.0,42.6,-73.97,boa vista
31,3.71,31,70,ID,1603130789,78.4,-0.95,100.35,boa vista
32,11.41,6,31,MR,1603130584,91.4,20.93,-17.03,boa vista
33,38.03,20,52,CL,1603130572,46.4,-53.15,-70.92,boa vista
34,5.12,87,97,RU,1603130348,20.89,71.92,114.08,boa vista
35,10.25,75,85,GH,1603130789,78.39,4.88,-1.76,boa vista
36,11.41,40,69,MU,1603130789,75.2,-20.41,57.7,boa vista
37,10.29,90,85,US,1603130349,21.2,71.29,-156.79,boa vista
38,9.17,90,83,US,1603130349,73.4,19.73,-155.09,boa vista
39,9.69,99,46,RU,1603130790,51.73,54.79,65.99,boa vista
40,2.3,89,91,ID,1603130790,74.62,-8.35,113.61,boa vista
41,15.99,70,70,NZ,1603130790,48.0,-46.19,168.86,boa vista
42,5.82,40,87,AU,1603130725,44.6,-42.88,147.33,boa vista
43,6.35,90,87,US,1603130564,57.0,42.25,-75.83,boa vista
44,3.4,46,85,IT,1603130790,54.0,44.9,8.21,boa vista
45,21.32,55,50,BR,1603130791,89.74,-2.9,-40.84,boa vista
46,2.42,100,88,RU,1603130791,14.77,67.8,130.41,boa vista
47,11.41,60,82,ZA,1603130791,66.2,-33.02,27.91,boa vista
48,9.17,32,69,RE,1603130350,73.4,-21.36,55.77,boa vista
49,11.18,75,74,RU,1603130689,37.4,59.7,30.79,boa vista
50,11.41,73,55,ZA,1603130791,60.8,-34.53,20.04,boa vista
51,11.41,75,69,GL,1603130351,39.2,69.22,-51.1,boa vista
52,10.29,75,52,CU,1603130791,87.8,20.96,-75.72,boa vista
53,3.06,98,88,ID,1603130792,75.76,-3.37,135.48,boa vista
54,13.89,92,94,RU,1603130579,25.09,69.7,170.31,boa vista
55,4.7,90,76,AU,1603130793,57.2,-35.35,150.47,boa vista
56,3.62,97,85,PG,1603130793,75.52,-5.22,145.8,boa vista
57,9.17,90,94,GE,1603130793,68.0,41.96,42.96,boa vista
58,4.16,73,95,RU,1603130352,18.45,68.75,161.3,boa vista
59,1.72,100,93,RU,1603130794,25.66,51.68,102.14,boa vista
60,20.96,0,39,CN,1603130352,53.08,42.8,93.45,boa vista
61,5.82,97,59,ZA,1603130353,60.8,-33.01,17.94,boa vista
62,6.85,46,91,ID,1603130795,80.01,-3.7,128.18,boa vista
63,8.05,0,42,QA,1603130626,86.0,25.29,51.53,boa vista
64,11.41,90,77,AU,1603130795,66.2,-28.77,114.6,boa vista
65,4.16,18,61,BR,1603130543,75.65,-24.79,-50.01,boa vista
66,1.1,95,90,CA,1603130795,31.84,55.3,-123.17,boa vista
67,14.16,0,74,BR,1603130605,72.77,-30.18,-50.21,boa vista
68,3.36,40,37,CL,1603130690,55.99,-41.87,-73.82,boa vista
69,5.82,90,76,US,1603130771,50.0,38.58,-90.41,boa vista
70,1.54,2,26,PE,1603130796,65.25,-11.95,-75.28,boa vista
71,15.99,75,70,NZ,1603130565,48.0,-46.6,168.33,boa vista
72,13.06,100,89,VN,1603130738,64.72,19.8,105.77,boa vista
73,1.01,76,77,ZA,1603130796,57.99,-34.42,19.23,boa vista
74,8.95,90,92,RU,1603130796,12.2,69.35,87.76,boa vista
75,11.81,99,74,KI,1603130354,81.9,3.07,172.79,boa vista
76,1.88,35,74,SB,1603130797,82.0,-8.1,156.84,boa vista
77,6.58,65,74,LY,1603130797,71.17,32.77,22.64,boa vista
78,10.29,90,59,US,1603130797,66.2,40.78,-74.22,boa vista
79,2.01,10,93,AU,1603130797,39.2,-37.83,140.77,boa vista
80,3.36,90,93,GL,1603130691,35.6,60.92,-46.05,boa vista
81,7.27,44,58,MG,1603130798,82.83,-19.52,45.47,boa vista
82,13.4,38,66,CV,1603130798,83.03,14.9,-24.5,boa vista
83,3.36,100,88,PH,1603130798,76.01,11.0,122.67,boa vista
84,3.29,41,71,PG,1603130567,81.99,-2.57,150.8,boa vista
85,2.44,33,81,AU,1603130673,41.0,-42.78,147.06,boa vista
86,4.94,32,88,RU,1603130798,32.07,64.38,-173.3,boa vista
87,8.05,5,70,MX,1603130798,91.0,22.89,-109.91,boa vista
88,7.0,100,82,ID,1603130799,78.12,-6.88,112.21,boa vista
89,13.31,92,75,ID,1603130616,83.25,5.89,95.32,boa vista
90,3.36,1,78,KE,1603130799,78.8,-2.27,40.9,boa vista
91,2.33,0,31,TM,1603130799,60.44,39.51,54.37,boa vista
92,4.7,75,73,EC,1603130799,75.2,-0.74,-90.35,boa vista
93,8.05,90,78,BR,1603130558,77.0,-20.33,-40.29,boa vista
94,22.08,100,93,RU,1603130357,15.66,71.69,128.87,boa vista
95,11.41,90,100,US,1603130800,42.8,55.34,-131.65,boa vista
96,8.05,75,69,US,1603130507,82.99,32.5,-94.74,boa vista
97,4.7,71,88,AU,1603130624,82.4,-15.77,128.73,boa vista
98,9.04,20,15,SN,1603130800,99.66,14.9,-12.46,boa vista
99,4.7,75,70,US,1603130357,32.0,57.79,-152.41,boa vista
100,2.46,98,99,RU,1603130801,31.98,61.92,63.02,boa vista
101,1.39,31,70,CN,1603130801,36.0,36.62,101.77,boa vista
102,10.2,71,87,ZA,1603130801,66.02,-33.59,26.89,boa vista
103,7.72,44,97,RU,1603130801,17.65,67.47,78.7,boa vista
104,1.01,96,80,CA,1603130599,60.01,47.67,-52.73,boa vista
105,4.83,71,85,DE,1603130802,53.01,50.23,8.77,boa vista
106,1.74,29,69,TL,1603130802,60.8,-8.93,125.41,boa vista
107,5.82,40,27,MX,1603130802,79.0,20.53,-101.13,boa vista
108,3.36,75,57,CO,1603130802,78.8,3.54,-76.3,boa vista
109,9.17,20,88,ZA,1603130285,62.6,-33.92,25.57,boa vista
110,10.2,100,98,RU,1603130802,30.33,57.31,88.17,boa vista
111,6.89,69,86,RU,1603130803,44.24,56.72,63.79,boa vista
112,3.36,2,66,RO,1603130803,48.2,46.43,26.4,boa vista
113,4.0,98,86,CA,1603130717,44.01,50.2,-66.38,boa vista
114,4.43,35,53,ZM,1603130803,78.3,-8.47,29.66,boa vista
115,3.36,20,88,MY,1603130803,80.6,5.41,100.34,boa vista
116,10.42,100,86,LK,1603130804,78.64,5.95,80.54,boa vista
117,14.07,54,69,BR,1603130804,84.79,-2.76,-42.27,boa vista
118,11.39,29,82,GL,1603130348,27.05,77.48,-69.36,boa vista
119,8.39,97,96,RU,1603130804,21.76,63.28,118.33,boa vista
120,4.7,20,40,US,1603130804,81.0,36.83,-119.7,boa vista
121,3.02,30,97,RU,1603130804,22.82,65.37,58.04,boa vista
122,12.75,20,77,PE,1603130805,66.2,-7.84,-79.15,boa vista
123,1.99,100,67,NO,1603130805,43.0,60.74,5.16,boa vista
124,5.82,90,74,US,1603130805,32.0,46.36,-94.2,boa vista
125,11.21,0,13,NA,1603130805,80.76,-19.65,17.33,boa vista
126,25.99,95,73,BR,1603130805,81.0,-3.41,-39.03,boa vista
127,3.65,33,95,RU,1603130558,8.83,71.97,102.5,boa vista
128,11.41,20,68,GR,1603130806,66.2,39.16,26.52,boa vista
129,2.24,20,100,ID,1603130806,73.4,-5.32,119.37,boa vista
130,9.17,75,63,US,1603130539,66.2,40.66,-73.58,boa vista
131,4.7,5,33,US,1603130806,77.0,38.42,-121.42,boa vista
132,15.21,99,83,GL,1603130617,39.87,61.99,-49.67,boa vista
133,13.87,40,58,BR,1603130807,86.0,-9.67,-35.74,boa vista
134,3.56,95,88,ID,1603130698,76.24,-3.8,102.27,boa vista
135,3.27,87,85,AU,1603130807,50.0,-37.83,147.62,boa vista
136,9.55,61,68,PE,1603130807,68.49,-10.75,-77.77,boa vista
137,11.41,40,69,MU,1603130807,75.2,-20.52,57.52,boa vista
138,2.89,87,69,TR,1603130807,75.0,36.96,36.2,boa vista
139,5.77,82,55,SV,1603130808,86.0,13.59,-89.83,boa vista
140,11.59,2,58,CL,1603130363,56.32,-37.62,-73.65,boa vista
141,23.04,75,69,BR,1603130519,77.0,-21.64,-41.05,boa vista
142,8.05,70,77,AU,1603130808,66.2,-23.7,133.88,boa vista
143,9.15,23,59,MZ,1603130809,76.87,-15.12,39.27,boa vista
144,6.93,20,73,PT,1603130680,71.6,32.67,-17.1,boa vista
145,7.83,26,78,AO,1603130809,68.88,-15.2,12.15,boa vista
146,9.17,18,69,RE,1603130809,73.4,-21.37,55.62,boa vista
147,0.67,79,96,RU,1603130809,12.88,62.22,135.8,boa vista
148,4.38,59,82,TH,1603130809,78.26,9.97,98.63,boa vista
149,5.82,75,82,US,1603130747,81.0,34.4,-119.52,boa vista
150,5.01,96,91,PH,1603130810,75.99,8.0,124.29,boa vista
151,8.05,1,29,US,1603130544,80.01,40.59,-122.39,boa vista
152,1.43,92,96,JP,1603130695,54.0,34.69,135.8,boa vista
153,1.99,59,81,NZ,1603130810,46.99,-46.28,169.85,boa vista
154,3.36,5,82,US,1603130599,72.0,37.46,-122.43,boa vista
155,13.65,0,15,EG,1603130811,88.14,24.09,32.91,boa vista
156,5.19,37,75,JP,1603130811,52.38,39.47,141.95,boa vista
157,2.86,75,83,IS,1603130573,37.4,66.04,-17.34,boa vista
158,16.11,40,88,JP,1603130741,78.8,26.35,127.87,boa vista
159,10.56,100,76,MV,1603130773,82.92,-0.6,73.08,boa vista
160,1.12,40,100,NZ,1603130316,48.99,-43.53,172.63,boa vista
161,20.38,8,71,PF,1603130812,78.6,-9.8,-139.03,boa vista
162,12.75,55,59,AR,1603130685,62.6,-38.0,-57.56,boa vista
163,7.31,67,90,CA,1603130812,28.83,55.74,-97.86,boa vista
164,13.87,90,100,AU,1603130695,57.2,-33.87,121.9,boa vista
165,12.53,50,85,AU,1603130694,55.11,-34.73,135.87,boa vista
166,2.26,95,93,IN,1603130812,75.04,19.42,80.07,boa vista
167,4.85,91,94,RU,1603130724,12.76,68.53,146.42,boa vista
168,10.29,0,21,SD,1603130813,93.2,15.55,32.53,boa vista
169,7.83,74,82,ZA,1603130813,59.77,-34.05,23.37,boa vista
170,2.82,100,92,CD,1603130813,74.08,0.81,24.43,boa vista
171,10.51,83,70,IS,1603130813,40.59,64.89,-23.71,boa vista
172,1.99,69,83,ZA,1603130368,61.0,-34.0,24.73,boa vista
173,12.75,76,86,FO,1603130704,41.0,62.23,-6.59,boa vista
174,0.13,77,76,CF,1603130814,74.68,6.54,21.99,boa vista
175,13.87,75,83,JP,1603130814,78.8,26.18,127.76,boa vista
176,0.96,100,78,CA,1603130814,25.18,60.75,-137.51,boa vista
177,1.1,65,75,PG,1603130576,80.4,-2.02,147.27,boa vista
178,1.48,0,38,AF,1603130814,50.25,32.07,64.84,boa vista
179,4.23,0,22,YE,1603130588,70.81,14.4,46.47,boa vista
180,10.4,51,74,AU,1603130814,66.0,-27.58,153.3,boa vista
181,4.7,75,78,PH,1603130815,82.4,14.35,121.02,boa vista
182,9.04,100,91,CA,1603130369,33.37,70.47,-68.59,boa vista
183,9.17,75,85,SJ,1603130568,24.8,78.22,15.64,boa vista
184,3.36,75,55,PE,1603130815,91.4,-3.75,-73.25,boa vista
185,7.87,20,54,GY,1603130815,89.82,8.2,-59.78,boa vista
186,10.29,20,62,MX,1603130816,89.6,20.7,-105.2,boa vista
187,16.42,0,80,PF,1603130370,79.88,-16.48,-151.75,boa vista
188,1.81,17,80,CA,1603130816,24.93,58.81,-122.7,boa vista
189,7.0,15,68,MU,1603130765,73.99,-20.01,57.66,boa vista
190,3.42,92,100,MG,1603130816,62.29,-22.82,47.28,boa vista
191,11.07,18,82,RU,1603130699,36.63,63.05,179.32,boa vista
192,4.0,51,74,CA,1603130736,33.01,63.75,-68.51,boa vista
193,5.19,97,70,CO,1603130817,85.42,9.5,-73.98,boa vista
194,17.09,4,79,SO,1603130556,80.22,5.35,48.53,boa vista
195,20.62,100,75,BS,1603130817,81.73,24.9,-76.2,boa vista
196,10.47,0,37,KZ,1603130817,55.17,48.83,58.14,boa vista
197,5.82,90,93,AU,1603130817,60.01,-32.72,152.15,boa vista
198,10.83,98,83,RU,1603130810,35.42,68.05,39.51,boa vista
199,13.44,0,81,NA,1603130818,59.04,-28.55,16.43,boa vista
200,1.28,32,94,AU,1603130818,68.0,-17.0,145.43,boa vista
201,4.36,90,75,US,1603130818,48.0,42.6,-84.38,boa vista
202,3.49,100,97,RU,1603130818,25.11,54.05,122.9,boa vista
203,5.82,75,93,JP,1603130818,54.0,35.73,140.83,boa vista
204,12.88,0,14,MR,1603130630,91.44,20.5,-10.07,boa vista
205,4.7,90,93,US,1603130819,57.2,34.64,-120.46,boa vista
206,3.0,43,82,AU,1603130819,50.0,-41.07,145.92,boa vista
207,4.05,7,97,RU,1603130646,28.53,46.49,135.88,boa vista
208,6.93,90,69,MX,1603130819,73.4,19.02,-102.2,boa vista
209,7.56,6,85,CA,1603130693,18.57,65.28,-126.83,boa vista
210,3.51,100,77,CA,1603130617,48.99,43.75,-81.72,boa vista
211,7.29,11,68,UA,1603130819,41.45,50.75,33.47,boa vista
212,3.36,20,55,TN,1603130820,64.4,37.19,10.18,boa vista
213,5.3,22,56,CL,1603130820,64.44,-25.4,-70.48,boa vista
214,1.5,100,99,PG,1603130820,73.09,-6.12,141.29,boa vista
215,3.56,1,72,NC,1603130820,69.57,-20.57,164.28,boa vista
216,6.78,65,28,BR,1603130820,98.2,1.0,-52.0,boa vista
217,2.46,92,44,BR,1603130821,94.51,-3.77,-61.64,boa vista
218,6.58,75,45,CA,1603130821,28.99,49.23,-100.06,boa vista
219,16.11,9,13,MR,1603130536,105.8,18.09,-15.98,boa vista
220,7.0,0,21,AR,1603130821,107.01,-23.81,-64.79,boa vista
221,18.34,40,61,BR,1603130821,80.6,-28.24,-48.67,boa vista
222,6.6,100,81,ID,1603130822,80.26,-2.88,108.27,boa vista
223,4.7,40,41,VE,1603130690,91.4,7.77,-72.22,boa vista
224,4.29,4,59,BJ,1603130822,81.28,9.94,3.21,boa vista
225,4.7,75,48,OM,1603130632,86.0,17.02,54.09,boa vista
226,2.44,42,77,TH,1603130822,80.8,8.35,100.2,boa vista
227,8.5,81,83,SB,1603130758,79.52,-10.45,161.92,boa vista
228,20.4,83,79,GL,1603130823,36.7,72.79,-56.15,boa vista
229,2.24,90,85,US,1603130823,17.6,64.84,-147.72,boa vista
230,6.93,5,68,US,1603130823,72.0,37.55,-121.99,boa vista
231,12.75,64,45,ES,1603130823,68.0,42.25,-2.5,boa vista
232,7.72,3,73,IL,1603130700,80.01,31.61,34.76,boa vista
233,1.86,0,34,IR,1603130824,51.62,37.11,58.51,boa vista
234,26.11,59,83,JP,1603130824,79.03,24.8,125.28,boa vista
235,7.0,100,98,RU,1603130824,32.27,63.87,34.32,boa vista
236,6.71,99,96,RU,1603130377,32.16,61.69,53.69,boa vista
237,8.95,90,92,RU,1603130559,12.2,69.49,88.4,boa vista
238,11.18,7,80,VU,1603130564,72.16,-19.55,169.27,boa vista
239,4.7,0,28,IR,1603130825,55.4,36.07,49.7,boa vista
240,2.53,1,93,RU,1603130825,30.58,48.1,136.1,boa vista
241,4.07,96,97,CA,1603130663,50.0,50.02,-125.24,boa vista
242,10.69,0,12,NE,1603130825,90.91,13.32,12.61,boa vista
243,6.93,40,59,PE,1603130825,89.6,-12.6,-69.18,boa vista
244,17.22,75,78,PF,1603130826,78.8,-17.73,-149.15,boa vista
245,5.99,5,68,MU,1603130623,73.99,-19.98,57.61,boa vista
246,4.47,90,92,RU,1603130727,14.0,66.42,112.4,boa vista
247,3.36,1,18,US,1603130079,64.4,37.1,-113.58,boa vista
248,6.93,33,74,IT,1603130826,44.01,46.46,10.35,boa vista
249,8.05,1,28,US,1603130796,60.01,40.48,-106.83,boa vista
250,6.93,98,98,RU,1603130294,16.23,70.63,147.92,boa vista
251,10.8,3,56,LY,1603130827,71.98,31.21,16.59,boa vista
252,6.71,100,91,RU,1603130582,27.14,69.38,178.42,boa vista
253,13.87,90,82,CL,1603130827,60.8,-23.65,-70.4,boa vista
254,8.95,90,92,RU,1603130827,12.2,69.41,86.18,boa vista
255,3.0,0,77,CN,1603130827,46.99,41.76,86.15,boa vista
256,12.75,20,69,IS,1603130692,39.2,64.25,-15.21,boa vista
257,15.99,67,70,NZ,1603130828,48.0,-46.13,167.68,boa vista
258,8.05,94,72,ID,1603130749,81.37,5.56,95.32,boa vista
259,3.6,0,40,AO,1603130828,73.71,-12.02,17.48,boa vista
260,18.57,4,82,IN,1603130828,79.75,8.08,77.57,boa vista
261,12.75,56,87,NZ,1603130828,55.4,-41.41,175.52,boa vista
262,1.01,0,42,CN,1603130828,51.33,41.12,80.26,boa vista
263,3.89,0,79,RU,1603130829,26.08,50.72,136.63,boa vista
264,9.15,98,74,RU,1603130607,40.8,50.68,156.12,boa vista
265,5.59,0,23,TM,1603130829,65.32,38.44,57.43,boa vista
266,6.46,88,89,CA,1603130829,16.9,68.22,-135.01,boa vista
267,5.82,40,79,CU,1603130829,84.2,22.15,-80.2,boa vista
268,1.68,93,42,TZ,1603130830,78.28,-5.07,32.05,boa vista
269,0.74,0,83,AF,1603130830,28.2,33.35,64.42,boa vista
270,5.01,100,80,CA,1603130830,44.01,50.03,-66.87,boa vista
271,5.77,0,40,CN,1603130830,54.3,38.85,115.49,boa vista
272,9.17,1,30,US,1603130830,57.2,39.6,-110.81,boa vista
273,17.87,93,95,RU,1603130831,23.76,73.51,80.55,boa vista
274,15.95,0,51,MX,1603130831,78.69,30.48,-115.95,boa vista
275,17.22,75,78,PF,1603130831,78.8,-17.53,-149.33,boa vista
276,6.93,73,94,RU,1603130831,33.42,58.95,36.6,boa vista
277,4.7,90,63,US,1603130831,30.2,47.43,-92.94,boa vista
278,7.87,0,82,CN,1603130831,63.0,31.81,121.66,boa vista
279,2.59,99,65,CM,1603130832,68.5,7.37,12.65,boa vista
280,11.32,7,64,PE,1603130624,69.91,-11.1,-77.61,boa vista
281,7.31,18,84,ZA,1603130832,72.93,-28.78,32.04,boa vista
282,7.56,100,95,RU,1603130832,11.39,70.02,135.6,boa vista
283,10.0,100,98,PT,1603130832,64.99,40.16,-8.33,boa vista
284,7.56,86,90,NZ,1603130832,56.41,-35.17,173.17,boa vista
285,2.1,30,94,AU,1603130807,68.0,-16.92,145.77,boa vista
286,5.06,75,74,MX,1603130621,82.4,18.73,-103.68,boa vista
287,2.71,100,80,BR,1603130833,73.24,-16.36,-46.91,boa vista
288,25.37,0,29,AR,1603130833,61.34,-43.3,-65.1,boa vista
289,5.82,20,41,ZA,1603130833,78.8,-23.9,29.47,boa vista
290,4.76,10,94,AU,1603130833,71.6,-12.23,136.77,boa vista
291,24.7,0,66,NA,1603130385,62.01,-26.65,15.16,boa vista
292,9.75,94,76,ID,1603130834,81.07,-6.33,108.32,boa vista
293,12.75,1,64,US,1603130828,77.0,36.21,-86.29,boa vista
294,5.61,0,90,AU,1603130834,45.0,-35.57,138.62,boa vista
295,8.95,90,92,RU,1603130834,30.2,64.56,39.83,boa vista
296,6.93,40,54,CA,1603130834,30.2,50.23,-99.47,boa vista
297,4.72,83,87,PH,1603130834,75.49,17.72,121.9,boa vista
298,2.24,75,100,TH,1603130835,73.4,14.91,105.08,boa vista
299,6.15,96,87,VN,1603130835,77.67,9.29,105.72,boa vista
300,4.14,1,54,ET,1603130835,55.62,12.51,39.52,boa vista
301,7.94,0,9,NE,1603130835,97.47,18.74,7.39,boa vista
302,12.35,95,19,ZA,1603130835,73.56,-30.3,27.08,boa vista
303,8.55,0,30,ER,1603130835,80.15,15.11,37.59,boa vista
304,11.99,100,85,NZ,1603130835,55.0,-39.88,176.63,boa vista
305,17.22,40,70,GD,1603130836,87.8,12.06,-61.75,boa vista
306,5.39,99,83,SL,1603130836,80.4,7.53,-12.51,boa vista
307,16.11,40,58,BR,1603130836,86.0,-5.2,-35.46,boa vista
308,12.97,92,84,IN,1603130836,80.83,11.67,92.75,boa vista
309,4.47,93,65,RU,1603130836,41.0,53.05,158.65,boa vista
310,5.59,0,31,MX,1603130616,90.48,27.32,-112.28,boa vista
311,5.84,78,52,UY,1603130387,81.23,-33.7,-53.46,boa vista
312,5.66,90,97,RU,1603130591,14.74,65.75,150.85,boa vista
313,11.88,78,70,BR,1603130837,79.5,-9.01,-35.22,boa vista
314,14.23,0,17,BW,1603130837,88.12,-22.27,28.75,boa vista
315,6.93,75,86,US,1603130388,39.0,59.64,-151.55,boa vista
316,2.84,100,92,CD,1603130837,73.49,4.28,21.02,boa vista
317,13.82,100,73,RU,1603130837,37.17,53.07,82.34,boa vista
318,3.36,92,68,MA,1603130632,69.8,34.26,-6.58,boa vista
319,1.12,0,62,ME,1603130838,55.4,42.44,19.26,boa vista
320,4.32,2,90,AU,1603130838,42.24,-38.27,141.97,boa vista
321,8.59,88,95,RU,1603130838,24.69,60.73,114.93,boa vista
322,1.61,58,61,MX,1603130838,84.78,15.77,-92.27,boa vista
323,3.42,46,67,NG,1603130838,80.65,9.08,3.85,boa vista
324,2.68,0,37,UZ,1603130839,55.56,39.96,68.4,boa vista
325,5.82,90,100,US,1603130779,55.0,40.8,-124.16,boa vista
326,8.01,33,79,NZ,1603130839,46.99,-45.75,170.57,boa vista
327,0.81,0,88,CN,1603130839,48.6,40.29,123.27,boa vista
328,12.75,75,70,CU,1603130840,84.2,22.52,-79.47,boa vista
329,5.39,96,83,CA,1603130561,35.29,49.78,-74.85,boa vista
330,5.03,22,74,JP,1603130840,51.93,39.64,141.95,boa vista
331,3.04,40,82,US,1603130390,59.0,36.62,-121.92,boa vista
332,0.76,49,81,ID,1603130840,79.29,1.05,101.28,boa vista
333,3.53,54,77,PG,1603130840,80.17,-4.2,152.17,boa vista
334,20.71,75,57,US,1603130841,50.0,42.87,-106.31,boa vista
335,6.93,95,54,AU,1603130841,53.6,-31.95,141.43,boa vista
336,9.17,75,81,NO,1603130841,39.2,71.0,24.66,boa vista
337,14.83,100,98,RU,1603130841,29.98,56.19,86.64,boa vista
338,11.41,75,70,MX,1603130841,86.0,18.42,-95.12,boa vista
339,16.11,40,88,JP,1603130632,75.2,28.37,129.48,boa vista
340,8.05,75,68,VN,1603130841,71.6,20.45,106.33,boa vista
341,5.55,1,46,US,1603130580,75.0,37.93,-121.3,boa vista
342,17.43,0,48,CL,1603130732,61.92,-35.33,-72.42,boa vista
343,8.57,100,84,RU,1603130842,57.0,45.44,40.58,boa vista
344,6.58,100,94,RU,1603130842,18.28,61.38,152.75,boa vista
345,8.05,75,83,BR,1603130612,71.6,-15.78,-47.93,boa vista
346,5.82,20,68,ES,1603130842,64.4,43.49,-6.15,boa vista
347,3.53,64,96,IN,1603130842,70.68,19.6,81.67,boa vista
348,8.05,20,66,BB,1603130619,87.8,13.07,-59.53,boa vista
349,3.4,47,82,DE,1603130843,48.99,50.2,10.08,boa vista
350,2.95,2,30,CM,1603130826,84.79,9.93,13.95,boa vista
351,6.93,40,93,AU,1603130601,61.0,-28.65,153.62,boa vista
352,9.17,1,69,RE,1603130724,73.4,-21.34,55.48,boa vista
353,17.02,100,76,PH,1603130843,83.25,6.37,126.17,boa vista
354,12.75,11,62,GF,1603130690,87.8,4.93,-52.33,boa vista
355,14.99,75,88,EC,1603130843,73.4,-0.9,-89.6,boa vista
356,4.47,90,92,RU,1603130844,14.0,66.0,111.5,boa vista
357,2.86,30,45,VE,1603130844,91.87,10.34,-68.74,boa vista
358,8.05,75,80,IS,1603130572,41.0,63.44,-20.27,boa vista
359,1.99,100,95,LA,1603130844,57.16,20.42,104.04,boa vista
360,8.19,100,95,RU,1603130844,36.61,60.14,32.57,boa vista
361,6.93,18,72,IT,1603130844,69.01,37.83,12.67,boa vista
362,5.82,37,46,SN,1603130844,89.91,13.24,-14.31,boa vista
363,4.7,75,82,AZ,1603130845,62.6,40.47,50.33,boa vista
364,3.49,89,85,RU,1603130639,40.55,57.34,58.22,boa vista
365,4.47,7,79,SB,1603130716,80.56,-8.14,159.59,boa vista
366,1.03,100,96,RU,1603130845,31.37,52.7,115.17,boa vista
367,7.9,77,38,BR,1603130845,95.72,3.08,-59.95,boa vista
368,15.52,84,58,BR,1603130631,83.26,-13.28,-50.16,boa vista
369,2.24,20,94,SB,1603130643,75.2,-9.43,159.95,boa vista
370,9.17,0,16,SA,1603130846,68.0,18.39,42.45,boa vista
371,3.96,0,22,NG,1603130846,89.69,13.06,5.24,boa vista
372,4.43,44,49,GM,1603130703,90.54,13.35,-15.75,boa vista
373,4.07,99,97,RU,1603130846,24.93,58.84,125.49,boa vista
374,14.99,99,71,FR,1603130846,55.99,49.64,-1.57,boa vista
375,6.55,93,94,UG,1603130846,66.45,1.74,33.16,boa vista
376,3.91,49,70,CD,1603130847,75.69,-7.3,27.42,boa vista
377,2.08,75,88,IN,1603130847,80.6,13.17,80.27,boa vista
378,2.24,75,87,GB,1603130847,51.8,56.07,-3.72,boa vista
379,8.52,69,29,LY,1603130707,80.87,29.03,21.55,boa vista
380,3.24,100,77,RU,1603130847,36.54,51.1,114.53,boa vista
381,11.21,99,73,CA,1603130848,51.12,51.23,-58.65,boa vista
382,11.79,84,77,MV,1603130848,82.67,3.78,72.97,boa vista
383,17.22,93,67,FR,1603130848,60.8,48.38,-4.62,boa vista
384,6.31,1,56,US,1603130849,73.99,37.27,-76.71,boa vista
385,2.55,100,90,VN,1603130849,66.74,21.7,104.87,boa vista
386,3.65,0,95,RU,1603130583,15.01,66.56,67.8,boa vista
387,3.09,3,83,SB,1603130849,77.68,-8.77,160.7,boa vista
388,6.89,100,95,RU,1603130622,12.31,66.77,123.37,boa vista
389,4.0,2,67,BR,1603130697,82.99,-32.03,-52.1,boa vista
390,1.12,2,82,IN,1603130849,79.7,20.78,86.77,boa vista
391,2.39,73,90,SS,1603130849,71.82,5.6,27.47,boa vista
392,3.85,0,22,TD,1603130850,86.49,12.18,18.69,boa vista
393,17.22,0,20,AR,1603130746,95.0,-24.79,-65.41,boa vista
394,11.41,75,78,JM,1603130623,87.01,18.45,-78.17,boa vista
395,11.18,40,69,RU,1603130850,41.0,55.75,38.0,boa vista
396,8.05,90,78,BR,1603130850,77.0,-20.67,-40.5,boa vista
397,2.71,82,96,RU,1603130686,15.89,67.45,153.68,boa vista
398,10.0,92,87,ES,1603130851,64.0,42.78,-9.06,boa vista
399,4.29,94,46,CN,1603130851,45.68,38.93,100.45,boa vista
400,8.05,90,88,AU,1603130732,69.01,-24.85,152.35,boa vista
401,16.11,40,68,PT,1603130676,64.4,38.52,-28.7,boa vista
402,1.68,8,17,BW,1603130851,87.94,-21.18,24.88,boa vista
403,5.82,90,67,US,1603130585,64.0,41.14,-73.36,boa vista
404,8.05,75,66,MQ,1603130852,86.0,14.83,-61.06,boa vista
405,1.7,75,88,IN,1603130852,80.6,13.22,80.32,boa vista
406,2.24,90,84,RU,1603130852,-0.4,62.72,129.67,boa vista
407,2.24,75,100,TH,1603130852,73.4,15.24,105.23,boa vista
408,10.29,75,68,US,1603130674,70.0,38.89,-76.51,boa vista
409,1.41,53,67,ZA,1603130852,63.55,-30.55,29.42,boa vista
410,1.95,0,27,MX,1603130852,78.85,22.6,-103.87,boa vista
411,8.9,84,79,RU,1603130853,26.6,53.6,91.39,boa vista
412,4.47,10,52,CN,1603130764,46.4,43.8,87.6,boa vista
413,11.18,40,69,RU,1603130853,41.0,55.62,38.12,boa vista
414,7.78,98,99,RU,1603130853,27.68,63.79,74.52,boa vista
415,11.18,96,58,RU,1603130853,30.2,56.17,91.82,boa vista
416,7.34,100,99,RU,1603130638,30.58,64.7,43.39,boa vista
417,0.58,85,97,RU,1603130854,12.78,62.67,135.6,boa vista
418,7.31,90,72,RU,1603130854,38.8,49.93,116.87,boa vista
419,4.32,97,93,RU,1603130854,24.73,66.32,-179.17,boa vista
420,5.55,75,79,GT,1603130854,87.8,14.51,-92.19,boa vista
421,14.25,100,41,CN,1603130854,49.19,39.23,106.34,boa vista
422,11.41,100,92,FI,1603130855,30.2,65.85,24.15,boa vista
423,4.7,40,74,MX,1603130855,87.8,16.86,-99.89,boa vista
424,4.05,96,85,ID,1603130768,77.56,4.14,96.13,boa vista
425,1.3,63,74,BT,1603130855,48.29,27.55,90.75,boa vista
426,5.82,75,66,SL,1603130855,86.0,8.77,-12.78,boa vista
427,8.95,62,75,BY,1603130770,41.0,53.9,27.57,boa vista
428,4.7,0,61,EG,1603130855,82.4,26.73,33.94,boa vista
429,9.35,75,87,GL,1603130701,38.8,60.14,-45.24,boa vista
430,36.82,97,73,PT,1603130856,64.04,39.05,-27.98,boa vista
431,12.39,35,72,JP,1603130856,65.55,31.42,130.32,boa vista
432,3.76,0,84,CN,1603130856,45.0,41.26,125.37,boa vista
433,10.29,75,52,CU,1603130856,87.8,21.11,-76.13,boa vista
434,4.21,2,55,ET,1603130613,59.27,9.31,42.13,boa vista
435,6.02,9,76,AO,1603130856,75.25,-12.58,13.41,boa vista
436,5.17,84,69,SE,1603130857,39.2,58.51,13.16,boa vista
437,2.24,0,58,YE,1603130736,84.51,12.78,45.04,boa vista
438,4.7,1,73,US,1603130742,78.01,20.89,-156.47,boa vista
439,4.7,90,57,US,1603130857,51.8,35.41,-99.4,boa vista
440,3.0,56,30,ES,1603130857,73.0,37.47,-4.44,boa vista
441,2.68,0,33,ML,1603130857,87.78,13.03,-9.49,boa vista
442,3.36,90,77,US,1603130388,61.0,45.52,-122.68,boa vista
443,11.41,90,69,US,1603130858,37.0,41.02,-92.41,boa vista
444,4.85,71,80,RU,1603130858,43.25,54.48,53.47,boa vista
445,39.15,75,31,AR,1603130858,50.0,-51.62,-69.22,boa vista
446,2.39,2,87,RU,1603130859,31.8,65.58,-171.0,boa vista
447,2.57,14,80,CN,1603130859,36.88,46.57,131.15,boa vista
448,9.64,86,73,BY,1603130859,40.35,52.63,29.73,boa vista
449,6.71,45,74,RU,1603130697,33.8,64.75,177.48,boa vista
450,12.39,39,82,ID,1603130607,80.08,-5.67,132.75,boa vista
451,3.58,100,37,BR,1603130859,90.73,-15.48,-44.37,boa vista
452,4.7,90,100,US,1603130860,37.4,64.5,-165.41,boa vista
453,9.93,77,57,BR,1603130860,87.82,-1.2,-46.02,boa vista
454,8.05,92,46,CV,1603130860,91.4,14.92,-23.51,boa vista
455,9.22,47,39,BF,1603130860,89.42,12.73,-3.87,boa vista
456,4.18,46,85,CA,1603130585,27.93,55.1,-105.28,boa vista
457,16.11,75,62,US,1603130612,89.6,28.02,-97.52,boa vista
458,3.06,63,79,RU,1603130861,39.6,45.09,133.51,boa vista
459,4.7,5,53,BG,1603130861,51.8,42.03,24.0,boa vista
460,3.0,0,85,NA,1603130610,60.01,-22.12,14.28,boa vista
461,13.87,0,32,PY,1603130861,96.8,-26.98,-55.88,boa vista
462,3.36,18,74,PS,1603130590,80.01,31.5,34.47,boa vista
463,22.97,88,39,CN,1603130861,50.67,43.65,111.98,boa vista
464,2.42,38,89,CN,1603130861,60.75,26.22,117.49,boa vista
465,5.37,20,55,MX,1603130861,91.0,15.74,-96.47,boa vista
466,4.18,45,34,NG,1603130862,86.95,12.16,6.66,boa vista
467,3.36,75,87,DE,1603130862,50.0,52.38,7.72,boa vista
468,5.82,90,83,EC,1603130862,78.8,0.6,-80.03,boa vista
469,11.63,76,78,MV,1603130574,82.06,5.1,73.07,boa vista
470,3.71,91,77,TH,1603130862,82.04,7.78,100.32,boa vista
471,5.59,5,81,CA,1603130765,35.49,49.21,-84.77,boa vista
472,1.36,14,98,AU,1603130636,46.0,-38.33,143.58,boa vista
473,7.0,82,100,UA,1603130863,52.0,47.6,37.5,boa vista
474,17.11,95,78,VU,1603130863,79.45,-13.88,167.55,boa vista
475,1.12,1,93,AU,1603130758,51.01,-34.93,138.6,boa vista
476,2.8,53,92,RU,1603130863,11.59,68.05,166.44,boa vista
477,8.05,90,80,SE,1603130748,35.6,62.63,17.94,boa vista
478,14.99,75,93,IE,1603130864,55.0,51.62,-8.87,boa vista
479,2.8,67,91,RU,1603130864,21.85,52.47,96.11,boa vista
480,3.36,20,88,MY,1603130864,78.8,3.48,103.4,boa vista
481,11.41,40,55,BR,1603130864,93.2,-19.0,-57.6,boa vista
482,8.01,100,64,GB,1603130865,55.99,51.38,1.39,boa vista
483,9.91,81,72,BR,1603130865,75.79,-23.78,-45.36,boa vista
484,4.47,40,87,UA,1603130865,44.6,49.79,23.37,boa vista
485,2.98,100,54,CN,1603130865,47.37,35.54,106.69,boa vista
486,25.48,6,82,RU,1603130865,28.62,54.72,135.31,boa vista
487,5.84,50,84,AU,1603130865,50.0,-41.15,146.17,boa vista
488,5.53,7,85,AU,1603130866,66.29,-20.1,146.27,boa vista
489,6.33,0,70,CN,1603130866,60.06,32.32,121.19,boa vista
490,1.36,1,100,KR,1603130866,50.0,37.57,126.98,boa vista
491,4.29,76,85,NZ,1603130866,42.51,-45.42,167.72,boa vista
492,4.47,40,87,UA,1603130866,44.6,49.23,23.65,boa vista
493,8.05,20,66,BB,1603130606,87.8,13.22,-59.52,boa vista
494,9.17,0,72,NA,1603130867,62.6,-22.96,14.51,boa vista
495,1.88,50,92,TH,1603130867,75.07,6.33,101.25,boa vista
496,17.36,86,94,MN,1603130867,24.84,48.81,103.53,boa vista
497,4.21,0,42,IN,1603130867,58.93,29.85,80.53,boa vista
498,19.69,97,77,CN,1603130867,66.94,21.48,109.1,boa vista
499,11.36,0,79,MZ,1603130867,73.9,-19.84,34.84,boa vista
500,2.8,100,77,PH,1603130867,81.23,11.14,123.72,boa vista
501,21.34,0,16,AR,1603130587,83.89,-31.54,-68.54,boa vista
502,11.74,5,33,PE,1603130821,90.3,-4.9,-80.69,boa vista
503,12.86,100,95,RU,1603130868,26.76,61.28,108.01,boa vista
504,1.99,0,21,US,1603130868,81.0,36.25,-121.25,boa vista
505,12.06,100,43,BR,1603130868,85.05,-15.8,-43.31,boa vista
506,11.18,85,86,RU,1603130868,39.2,56.76,43.24,boa vista
507,1.12,91,39,BR,1603130868,95.7,-5.12,-60.38,boa vista
508,5.82,20,69,TZ,1603130869,80.6,-6.43,39.55,boa vista
509,2.82,64,80,LK,1603130869,80.44,7.42,81.82,boa vista
510,1.01,99,86,AU,1603130869,61.0,-34.68,150.87,boa vista
511,5.99,50,84,MG,1603130869,71.33,-23.35,47.6,boa vista
512,6.93,90,74,US,1603130869,35.01,45.02,-93.22,boa vista
513,8.3,0,66,NC,1603130869,73.6,-20.23,164.02,boa vista
514,8.57,0,22,ZW,1603130870,78.85,-20.33,30.07,boa vista
515,13.87,76,38,ES,1603130870,77.0,37.34,-5.84,boa vista
516,6.93,40,74,US,1603130870,84.99,29.6,-90.72,boa vista
517,6.93,40,74,CI,1603130870,82.4,7.45,-5.29,boa vista
518,6.71,90,55,RU,1603130870,60.8,43.28,43.13,boa vista
519,3.36,90,93,GL,1603130632,35.6,60.72,-46.03,boa vista
520,11.7,100,74,RU,1603130871,39.4,56.55,76.63,boa vista
521,6.93,1,56,US,1603130871,71.01,38.15,-79.07,boa vista
522,0.31,75,41,CO,1603130735,97.03,-0.19,-74.78,boa vista
523,0.49,26,61,CD,1603130871,76.44,-5.95,29.19,boa vista
524,6.02,0,13,NE,1603130871,87.33,18.69,12.92,boa vista
525,8.59,6,73,US,1603130600,73.99,36.85,-75.98,boa vista
526,6.58,86,96,RU,1603130872,19.0,65.7,82.47,boa vista
527,7.07,48,13,BW,1603130872,86.31,-23.4,21.72,boa vista
528,14.05,100,96,RU,1603130872,32.52,57.02,82.07,boa vista
529,1.95,88,42,TZ,1603130872,78.42,-5.06,31.79,boa vista
530,4.7,20,76,HR,1603130872,57.99,45.29,14.65,boa vista
531,5.46,90,74,CN,1603130872,38.12,49.6,117.43,boa vista
532,3.49,13,64,TZ,1603130872,73.83,-1.5,33.8,boa vista
533,8.75,21,83,CI,1603130873,78.31,4.42,-7.35,boa vista
534,2.17,39,83,ET,1603130873,65.8,5.65,36.65,boa vista
535,10.29,75,62,BR,1603130714,84.2,-8.01,-34.86,boa vista
536,2.24,29,100,MY,1603130873,75.2,4.64,103.44,boa vista
537,4.16,0,79,MZ,1603130873,75.4,-14.54,40.67,boa vista
538,7.47,81,77,MA,1603130873,66.54,32.3,-9.24,boa vista
539,3.98,96,88,ID,1603130874,76.32,-7.95,110.28,boa vista
540,7.83,16,46,VE,1603130874,91.26,8.89,-64.25,boa vista
541,5.23,95,95,RU,1603130874,8.15,69.3,139.9,boa vista
542,6.42,0,47,MX,1603130418,82.6,27.98,-114.06,boa vista
543,4.7,100,81,FR,1603130874,51.01,46.42,3.91,boa vista
544,3.36,14,100,AU,1603130874,71.6,-13.85,136.42,boa vista
545,12.75,20,81,US,1603130419,42.8,57.05,-135.33,boa vista
546,10.71,54,75,IN,1603130875,81.14,10.57,72.64,boa vista
547,5.61,0,21,ZM,1603130875,74.01,-15.33,28.68,boa vista
548,11.41,75,69,GL,1603130419,39.2,68.82,-51.19,boa vista
549,11.12,9,82,SO,1603130710,79.32,2.04,45.34,boa vista
550,10.07,56,71,SO,1603130875,76.73,4.12,43.89,boa vista
551,5.82,9,16,AU,1603130747,78.8,-20.73,139.5,boa vista
552,19.44,89,77,LK,1603130766,80.28,6.12,81.12,boa vista
553,2.21,0,75,SO,1603130611,79.34,9.49,50.81,boa vista
554,5.93,52,94,NO,1603130876,23.58,69.01,23.04,boa vista
555,11.34,100,75,BR,1603130876,71.42,-18.47,-47.2,boa vista
556,9.17,75,44,BR,1603130876,93.2,2.82,-60.67,boa vista
